code_length,accuracy,adv_accuracy
1,0.9930964467005076,0.6160406091370558
8,0.9860913705583756,0.6402030456852792
16,0.9913705583756345,0.716243654822335
32,0.9922842639593908,0.7338071065989847
64,0.992994923857868,0.7898477157360406
128,0.9926903553299492,0.8130964467005076
